0,<SET>NAME</SET> LIKES TO <SET>BE</SET> *,*,*,<think>#Newline<set var="name"><star/></set>#Newline<set var="verb"><star index="2"/></set>#Newline<set var="is"><map name="be2is"><get var="verb"/></map></set>#Newline<set var="obj"><star index="3"/></set>#Newline<set var="response"><input/>.</set>#Newline<srai>SETHESHE <star/></srai>#Newline<set var="response"><input/></set>#Newline<set var="pattern1">WHO LIKES TO <get var="verb"/> <get var="obj"/></set>#Newline<set var="pattern2">WHAT DOES <get var="name"/> LIKE ^</set>#Newline<set var="pattern3">WHAT DOES <get name="pronoun"/> LIKE ^</set>#Newline<set var="pattern5">WHAT DOES <get var="name"/> <get var="verb"/> ^</set>#Newline<set var="pattern4">WHAT DOES <get name="pronoun"/> <get var="verb"/> ^</set>#Newline<set var="pattern6">WHO <get var="is"/> ^</set>#Newline</think>#NewlineDo you <get var="verb"/> <get var="obj"/> too?#Newline<learn>#Newline<category>#Newline<pattern><eval><get var="pattern1"/></eval></pattern>#Newline<template><eval><get var="response"/></eval></template>#Newline</category>#Newline<category>#Newline<pattern><eval><get var="pattern2"/></eval></pattern>#Newline<template><eval><get var="response"/></eval></template>#Newline</category>#Newline<category>#Newline<pattern><eval><get var="pattern3"/></eval></pattern>#Newline<template><eval><get var="response"/></eval></template>#Newline</category>#Newline<category>#Newline<pattern><eval><get var="pattern4"/></eval></pattern>#Newline<template><eval><get var="response"/></eval></template>#Newline</category>#Newline<category>#Newline<pattern><eval><get var="pattern5"/></eval></pattern>#Newline<template><eval><get var="response"/></eval></template>#Newline</category>#Newline<category>#Newline<pattern><eval><get var="pattern6"/></eval></pattern>#Newline<template><eval><get var="response"/></eval></template>#Newline</category>#Newline</learn>,train.aiml
0,<SET>NAME</SET> WENT TO *,*,*,<think>#Newline<set var="name"><star/></set>#Newline<set var="obj"><star index="2"/></set>#Newline<set var="response"><input/>.</set>#Newline<srai>SETHESHE <star/></srai>#Newline<set var="pattern1">WHERE DID <get var="name"/> GO</set>#Newline<set var="pattern2">WHERE DID <get name="pronoun"/> GO</set>#Newline<set var="pattern3">WHO WENT TO <get var="obj"/></set>#Newline<set var="pattern4">DID <get var="name"/> GO TO *</set>#Newline<set var="pattern5">WHAT DID <get var="name"/> DO</set>#Newline<set var="pattern6">WHAT DID <get name="pronoun"/> DO</set>#Newline</think>#NewlineHow long did <get name="pronoun"/> stay?#Newline<learn>#Newline<category>#Newline<pattern><eval><get var="pattern1"/></eval></pattern>#Newline<template><eval><get var="response"/></eval></template>#Newline</category>#Newline<category>#Newline<pattern><eval><get var="pattern2"/></eval></pattern>#Newline<template><eval><get var="response"/></eval></template>#Newline</category>#Newline<category>#Newline<pattern><eval><get var="pattern3"/></eval></pattern>#Newline<template><eval><get var="response"/></eval></template>#Newline</category>#Newline<category>#Newline<pattern><eval><get var="pattern4"/></eval></pattern>#Newline<template><eval><get var="response"/></eval></template>#Newline</category>#Newline<category>#Newline<pattern><eval><get var="pattern5"/></eval></pattern>#Newline<template><eval><get var="response"/></eval></template>#Newline</category>#Newline<category>#Newline<pattern><eval><get var="pattern6"/></eval></pattern>#Newline<template><eval><get var="response"/></eval></template>#Newline</category>#Newline</learn>,train.aiml
0,MY <SET>FAMILIARNAME</SET> <SET>NAME</SET> <SET>WAS</SET> *,*,*,<think>#Newline<set var="familiar"><star/></set>#Newline<set var="name"><star index="2"/></set>#Newline<set var="verb"><star index="3"/></set>#Newline<set var="obj"><star index="4"/></set>#Newline<set var="pattern1">MY FRIEND</set>#Newline<set var="response1"><get var="name"/></set>#Newline<set var="pattern2">WHAT DID MY FRIEND ^</set>#Newline<set var="response2"><get var="name"/> <get var="verb"/> <get var="obj"/>.</set>#Newline<set var="pattern3">WHO <get var="verb"/> ^</set>#Newline<set var="response3"><get var="name"/> <get var="verb"/> <get var="obj"/>.</set>#Newline<set var="pattern4">WHAT DID <get var="name"/> ^</set>#Newline<set var="response4"><get var="name"/> <get var="verb"/> <get var="obj"/>.</set>#Newline</think>#NewlineFor fun?#Newline<learn>#Newline<category><pattern><eval><get var="pattern1"/></eval></pattern>#Newline<template><eval><get var="response1"/></eval></template>#Newline</category>#Newline<category><pattern><eval><get var="pattern2"/></eval></pattern>#Newline<template><eval><get var="response2"/></eval></template>#Newline</category>#Newline<category><pattern><eval><get var="pattern3"/></eval></pattern>#Newline<template><eval><get var="response3"/></eval></template>#Newline</category>#Newline<category><pattern><eval><get var="pattern4"/></eval></pattern>#Newline<template><eval><get var="response4"/></eval></template>#Newline</category>#Newline</learn>,train.aiml
0,THE <SET>COLOR</SET> * IS <SET>SPATIALPREP</SET> THE <SET>COLOR</SET> *,*,*,<think>#Newline<set var="color1"><star/></set>#Newline<set var="noun1"><star index="2"/></set>#Newline<set var="relation"><star index="3"/></set>#Newline<set var="color2"><star index="4"/></set>#Newline<set var="noun2"><star index="5"/></set>#Newline<set var="opposite"><map name="opposite"><get var="relation"/></map></set>#Newline<set var="pattern11">WHERE IS THE <get var="color1"/> <get var="noun1"/></set>#Newline<set var="pattern12">WHERE IS THE <get var="noun1"/></set>#Newline<set var="response1">The <get var="color1"/> <get var="noun1"/> is <get var="relation"/> the <get var="color2"/> <get var="noun2"/>.</set>#Newline<set var="pattern21">WHERE IS THE <get var="color2"/> <get var="noun2"/></set>#Newline<set var="pattern22">WHERE IS THE <get var="noun2"/></set>#Newline<set var="response2">The <get var="color2"/> <get var="noun2"/> is <get var="opposite"/> the <get var="color1"/> <get var="noun1"/>.</set>#Newline<set var="pattern3">WHAT IS <get var="color1"/></set>#Newline<set var="response3">The <get var="noun1"/>.</set>#Newline<set var="pattern4">WHAT IS <get var="color2"/></set>#Newline<set var="response4">The <get var="noun2"/>.</set>#Newline<set var="pattern5">WHAT COLOR IS THE <get var="noun1"/></set>#Newline<set var="response5"><get var="color1"/></set>#Newline<set var="pattern6">WHAT COLOR IS THE <get var="noun2"/></set>#Newline<set var="response6"><get var="color2"/></set>#Newline</think>#NewlineI think I understand that.#Newline<learn>#Newline<category>#Newline<pattern><eval><get var="pattern11"/></eval></pattern>#Newline<template><eval><get var="response1"/></eval></template>#Newline</category>#Newline<category>#Newline<pattern><eval><get var="pattern12"/></eval></pattern>#Newline<template><eval><get var="response1"/></eval></template>#Newline</category>#Newline<category>#Newline<pattern><eval><get var="pattern21"/></eval></pattern>#Newline<template><eval><get var="response2"/></eval></template>#Newline</category>#Newline<category>#Newline<pattern><eval><get var="pattern22"/></eval></pattern>#Newline<template><eval><get var="response2"/></eval></template>#Newline</category>#Newline<category>#Newline<pattern><eval><get var="pattern3"/></eval></pattern>#Newline<template><eval><get var="response3"/></eval></template>#Newline</category>#Newline<category>#Newline<pattern><eval><get var="pattern4"/></eval></pattern>#Newline<template><eval><get var="response4"/></eval></template>#Newline</category>#Newline<category>#Newline<pattern><eval><get var="pattern5"/></eval></pattern>#Newline<template><eval><get var="response5"/></eval></template>#Newline</category>#Newline<category>#Newline<pattern><eval><get var="pattern6"/></eval></pattern>#Newline<template><eval><get var="response6"/></eval></template>#Newline</category>#Newline</learn>,train.aiml
0,THE * IS <SET>SPATIALPREP</SET> THE *,*,*,<think>#Newline<set var="noun1"><star/></set>#Newline<set var="noun2"><star index="3"/></set>#Newline<set var="relation"><star index="2"/></set>#Newline<set var="opposite"><map><name>opposite</name><star index="2"/></map></set>#Newline<set var="pattern11">WHERE IS THE <get var="noun1"/></set>#Newline<set var="pattern12">WHERE CAN I FIND ^ <get var="noun1"/></set>#Newline<set var="pattern13">LOCATE ^ <get var="noun1"/></set>#Newline<set var="pattern14">WHAT IS THE LOCATION ^ <get var="noun1"/></set>#Newline<set var="response1">The <get var="noun1"/> is <get var="relation"/> the <get var="noun2"/>.</set>#Newline#Newline<set var="pattern21">WHERE IS THE <get var="noun2"/></set>#Newline<set var="pattern22">WHERE CAN I FIND ^ <get var="noun2"/></set>#Newline<set var="pattern23">LOCATE ^ <get var="noun2"/></set>#Newline<set var="pattern24">WHAT IS THE LOCATION ^ <get var="noun2"/></set>#Newline<set var="response2">The <get var="noun2"/> is <get var="opposite"/> the <get var="noun1"/>.</set>#Newline#Newline<set var="pattern31">IS THE <get var="noun1"/> <get var="relation"/> the <get var="noun2"/></set>#Newline<set var="pattern32">IS THE <get var="noun2"/> <get var="opposite"/> the <get var="noun1"/></set>#Newline<set var="response3">Yes</set>#Newline#Newline<set var="pattern41">IS THE <get var="noun1"/> * the <get var="noun2"/></set>#Newline<set var="pattern42">IS THE <get var="noun2"/> * the <get var="noun1"/></set>#Newline<set var="response4">No.  <get var="response1"/></set>#Newline</think>#NewlineOk.  I think I got that.#Newline<learn>#Newline<category>#Newline<pattern><eval><get var="pattern11"/></eval></pattern>#Newline<template><eval><get var="response1"/></eval></template>#Newline</category>#Newline<category>#Newline<pattern><eval><get var="pattern12"/></eval></pattern>#Newline<template><eval><get var="response1"/></eval></template>#Newline</category>#Newline<category>#Newline<pattern><eval><get var="pattern13"/></eval></pattern>#Newline<template><eval><get var="response1"/></eval></template>#Newline</category>#Newline<category>#Newline<pattern><eval><get var="pattern14"/></eval></pattern>#Newline<template><eval><get var="response1"/></eval></template>#Newline</category>#Newline#Newline<category>#Newline<pattern><eval><get var="pattern21"/></eval></pattern>#Newline<template><eval><get var="response2"/></eval></template>#Newline</category>#Newline<category>#Newline<pattern><eval><get var="pattern22"/></eval></pattern>#Newline<template><eval><get var="response2"/></eval></template>#Newline</category>#Newline<category>#Newline<pattern><eval><get var="pattern23"/></eval></pattern>#Newline<template><eval><get var="response2"/></eval></template>#Newline</category>#Newline<category>#Newline<pattern><eval><get var="pattern24"/></eval></pattern>#Newline<template><eval><get var="response2"/></eval></template>#Newline</category>#Newline<category>#Newline<pattern><eval><get var="pattern31"/></eval></pattern>#Newline<template><eval><get var="response3"/></eval></template>#Newline</category>#Newline<category>#Newline<pattern><eval><get var="pattern32"/></eval></pattern>#Newline<template><eval><get var="response3"/></eval></template>#Newline</category>#Newline<category>#Newline<pattern><eval><get var="pattern41"/></eval></pattern>#Newline<template><eval><get var="response4"/></eval></template>#Newline</category>#Newline<category>#Newline<pattern><eval><get var="pattern42"/></eval></pattern>#Newline<template><eval><get var="response4"/></eval></template>#Newline</category>#Newline</learn>,train.aiml
0,GOSSIP,*,*,<think>#Newline<condition name="gossiplist" value="unknown"><set name="gossiplist"><li>I don't have any gossip.</li></set></condition>#Newline</think>#Newline<learn>#Newline  <category><pattern>RANDOM GOSSIP</pattern>#Newline<template><random><eval><get name="gossiplist"/></eval></random></template>#Newline</category>#Newline</learn>#Newline<srai>RANDOM GOSSIP</srai>,train.aiml
0,ADD GOSSIP *,*,*,<think>#Newline<condition name="gossiplist">#Newline<li value="unknown"><set name="gossiplist"><li><star/></li></set></li>#Newline<li><set name="gossiplist"><get name="gossiplist"/><li><star/></li></set></li>#Newline</condition>#Newline</think>#NewlineI'll remember that.,train.aiml
0,THE * IS <SET>PREPOSITION</SET> *,*,*,<think>#Newline<set var="subj"><star/></set>#Newline<set var="prep"><star index="2"/></set>#Newline<set var="obj"><star index="3"/></set>#Newline<set var="response">The <star/> is <star index="2"/> <star index="3"/></set>#Newline<set var="pattern1">WHERE IS THE <get var="subj"/> ^</set>#Newline<set var="pattern2">WHERE IS THAT <get var="subj"/> ^</set>#Newline<set var="pattern3">WHAT IS <get var="prep"/> <get var="obj"/> ^</set>#Newline<set var="pattern4">WHERE SHOULD I LOOK FOR THE <get var="subj"/> ^</set>#Newline<set var="pattern5">WHERE CAN I FIND THE <get var="subj"/> ^</set>#Newline#Newline</think>#NewlineIs it always <get var="prep"/> <star index="3"/>?#Newline<learn>#Newline<category><pattern><eval><get var="pattern1"/></eval></pattern>#Newline<template><eval><get var="response"/></eval></template>#Newline</category>#Newline<category><pattern><eval><get var="pattern2"/></eval></pattern>#Newline<template><eval><get var="response"/></eval></template>#Newline</category>#Newline<category><pattern><eval><get var="pattern3"/></eval></pattern>#Newline<template><eval><get var="response"/></eval></template>#Newline</category>#Newline<category><pattern><eval><get var="pattern4"/></eval></pattern>#Newline<template><eval><get var="response"/></eval></template>#Newline</category>#Newline<category><pattern><eval><get var="pattern5"/></eval></pattern>#Newline<template><eval><get var="response"/></eval></template>#Newline</category>#Newline</learn>,train.aiml
0,A * IS <SET>PREPOSITION</SET> *,*,*,<think>#Newline<set var="subj"><star/></set>#Newline<set var="prep"><star index="2"/></set>#Newline<set var="obj"><star index="3"/></set>#Newline<set var="response">A <star/> is <star index="2"/> <star index="3"/></set>#Newline<set var="pattern1">WHERE IS A <get var="subj"/> ^</set>#Newline<set var="pattern2">WHERE IS THAT <get var="subj"/> ^</set>#Newline<set var="pattern3">WHAT IS <get var="prep"/> <get var="obj"/> ^</set>#Newline<set var="pattern4">WHERE SHOULD I LOOK FOR A <get var="subj"/> ^</set>#Newline<set var="pattern5">WHERE CAN I FIND A <get var="subj"/> ^</set>#Newline</think>#NewlineIs it always <get var="prep"/> <star index="3"/>?#Newline<learn>#Newline<category><pattern><eval><get var="pattern1"/></eval></pattern>#Newline<template><eval><get var="response"/></eval></template>#Newline</category>#Newline<category><pattern><eval><get var="pattern2"/></eval></pattern>#Newline<template><eval><get var="response"/></eval></template>#Newline</category>#Newline<category><pattern><eval><get var="pattern3"/></eval></pattern>#Newline<template><eval><get var="response"/></eval></template>#Newline</category>#Newline<category><pattern><eval><get var="pattern4"/></eval></pattern>#Newline<template><eval><get var="response"/></eval></template>#Newline</category>#Newline<category><pattern><eval><get var="pattern5"/></eval></pattern>#Newline<template><eval><get var="response"/></eval></template>#Newline</category>#Newline</learn>,train.aiml
0,AN * IS <SET>PREPOSITION</SET> *,*,*,<think>#Newline<set var="subj"><star/></set>#Newline<set var="prep"><star index="2"/></set>#Newline<set var="obj"><star index="3"/></set>#Newline<set var="response">An <star/> is <star index="2"/> <star index="3"/></set>#Newline<set var="pattern1">WHERE IS AN <get var="subj"/> ^</set>#Newline<set var="pattern2">WHERE IS THAT <get var="subj"/> ^</set>#Newline<set var="pattern3">WHAT IS <get var="prep"/> <get var="obj"/> ^</set>#Newline<set var="pattern4">WHERE SHOULD I LOOK FOR AN <get var="subj"/> ^</set>#Newline<set var="pattern5">WHERE CAN I FIND AN <get var="subj"/> ^</set>#Newline</think>#NewlineIs it always <get var="prep"/> <star index="3"/>?#Newline<learn>#Newline<category><pattern><eval><get var="pattern1"/></eval></pattern>#Newline<template><eval><get var="response"/></eval></template>#Newline</category>#Newline<category><pattern><eval><get var="pattern2"/></eval></pattern>#Newline<template><eval><get var="response"/></eval></template>#Newline</category>#Newline<category><pattern><eval><get var="pattern3"/></eval></pattern>#Newline<template><eval><get var="response"/></eval></template>#Newline</category>#Newline<category><pattern><eval><get var="pattern4"/></eval></pattern>#Newline<template><eval><get var="response"/></eval></template>#Newline</category>#Newline<category><pattern><eval><get var="pattern5"/></eval></pattern>#Newline<template><eval><get var="response"/></eval></template>#Newline</category>#Newline</learn>,train.aiml
0,<SET>NAME</SET> IS <SET>PREPOSITION</SET> *,*,*,<think>#Newline<srai>SETHESHE <star/></srai>#Newline<set var="subj"><star/></set>#Newline<set var="prep"><star index="2"/></set>#Newline<set var="obj"><star index="3"/></set>#Newline<set var="response"><star/> is <star index="2"/> <star index="3"/></set>#Newline<set var="pattern1">WHERE IS <get var="subj"/> ^</set>#Newline<set var="pattern2">WHERE IS THAT <get var="subj"/> ^</set>#Newline<set var="pattern3">WHO IS <get var="prep"/> <get var="obj"/> ^</set>#Newline<set var="pattern4">WHERE SHOULD I LOOK FOR <get var="subj"/> ^</set>#Newline<set var="pattern5">WHERE CAN I FIND <get var="subj"/> ^</set>#Newline</think>#NewlineIs <get name="pronoun"/> always <get var="prep"/> <star index="3"/>?#Newline<learn>#Newline<category><pattern><eval><get var="pattern1"/></eval></pattern>#Newline<template><eval><get var="response"/></eval></template>#Newline</category>#Newline<category><pattern><eval><get var="pattern2"/></eval></pattern>#Newline<template><eval><get var="response"/></eval></template>#Newline</category>#Newline<category><pattern><eval><get var="pattern3"/></eval></pattern>#Newline<template><eval><get var="response"/></eval></template>#Newline</category>#Newline<category><pattern><eval><get var="pattern4"/></eval></pattern>#Newline<template><eval><get var="response"/></eval></template>#Newline</category>#Newline<category><pattern><eval><get var="pattern5"/></eval></pattern>#Newline<template><eval><get var="response"/></eval></template>#Newline</category>#Newline</learn>,train.aiml
0,<SET>NAME</SET> IS <SET>BEING</SET> *,*,*,<think>#Newline<set var="name"><star/></set>#Newline<set var="being"><star index="2"/></set>#Newline<set var="obj"><star index="3"/></set>#Newline<srai>SETHESHE <get var="name"/></srai>#Newline<set var="be"><map name="being2be"><get var="being"/></map></set>#Newline<set var="is"><map name="be2is"><get var="be"/></map></set>#Newline<set var="pattern1">What does <get var="name"/> <get var="be"/></set>#Newline<set var="pattern2">What is <get var="name"/> <get var="being"/></set>#Newline<set var="pattern3">What is <get var="name"/> doing</set>#Newline<set var="pattern4">What does <get var="name"/> do</set>#Newline<set var="pattern5">Who <get var="is"/> ^</set>#Newline<set var="pattern6">Who is <get var="being"/> ^</set>#Newline<set var="response"><get var="name"/> <get var="is"/> <get var="obj"/></set>#Newline</think>#NewlineI understand.#Newline<learn>#Newline<category><pattern><eval><get var="pattern1"/></eval></pattern>#Newline<template><eval><get var="response"/></eval></template>#Newline</category>#Newline<category><pattern><eval><get var="pattern2"/></eval></pattern>#Newline<template><eval><get var="response"/></eval></template>#Newline</category>#Newline<category><pattern><eval><get var="pattern3"/></eval></pattern>#Newline<template><eval><get var="response"/></eval></template>#Newline</category>#Newline<category><pattern><eval><get var="pattern4"/></eval></pattern>#Newline<template><eval><get var="response"/></eval></template>#Newline</category>#Newline<category><pattern><eval><get var="pattern5"/></eval></pattern>#Newline<template><eval><get var="response"/></eval></template>#Newline</category>#Newline<category><pattern><eval><get var="pattern6"/></eval></pattern>#Newline<template><eval><get var="response"/></eval></template>#Newline</category>#Newline</learn>,train.aiml
0,<SET>NAME</SET> <SET>IS</SET> <SET>PREPOSITION</SET> *,*,*,<think>#Newline<set var="response"><set var="name"><star/></set> <set var="verb"><star index="2"/></set> <set var="prep"><star index="3"/></set> <set var="obj"><star index="4"/></set>.</set>#Newline<set var="inf"><map name="is2be"><get var="verb"/></map></set>#Newline<srai>SETHESHE <get var="name"/></srai>#Newline<set var="pattern1">What does <get var="name"/> <get var="inf"/> <get var="prep"/></set>?#Newline<set var="pattern2">What does <get var="name"/> do</set>#Newline<set var="pattern3">What does <get name="pronoun"/> <get var="inf"/> <get var="prep"/></set>?#Newline<set var="pattern4">What does <get name="pronoun"/> do</set>#Newline<set var="pattern5">Who <get var="verb"/> <get var="prep"/> <get var="obj"/></set>#Newline<set var="pattern6">Does <get var="name"/> <get var="inf"/> <get var="prep"/> <get var="obj"/></set>#Newline<set var="pattern7">Does <get name="pronoun"/> <get var="inf"/> <get var="prep"/> <get var="obj"/></set>#Newline<set var="pattern8">Does <get var="name"/> *</set>#Newline<set var="pattern9">Does <get name="pronoun"/> *</set>#Newline#Newline</think>#Newline<learn>#Newline<category><pattern><eval><get var="pattern1"/></eval></pattern>#Newline<template><eval><get var="response"/></eval></template>#Newline</category>#Newline<category><pattern><eval><get var="pattern2"/></eval></pattern>#Newline<template><eval><get var="response"/></eval></template>#Newline</category>#Newline<category><pattern><eval><get var="pattern3"/></eval></pattern>#Newline<template><eval><get var="response"/></eval></template>#Newline</category>#Newline<category><pattern><eval><get var="pattern4"/></eval></pattern>#Newline<template><eval><get var="response"/></eval></template>#Newline</category>#Newline<category><pattern><eval><get var="pattern5"/></eval></pattern>#Newline<template><eval><get var="response"/></eval></template>#Newline</category>#Newline<category><pattern><eval><get var="pattern6"/></eval></pattern>#Newline<template>Yes.  <eval><get var="response"/></eval></template>#Newline</category>#Newline<category><pattern><eval><get var="pattern7"/></eval></pattern>#Newline<template>Yes.  <eval><get var="response"/></eval></template>#Newline</category>#Newline<category><pattern><eval><get var="pattern8"/></eval></pattern>#Newline<template>I don't know if <eval><get var="name"/></eval> <star/>.  I know <eval><get var="response"/></eval></template>#Newline</category>#Newline<category><pattern><eval><get var="pattern9"/></eval></pattern>#Newline<template>I don't know if <eval><get var="name"/></eval> <star/>.  I know <eval><get var="response"/></eval></template>#Newline</category>#Newline</learn>#NewlineWhy does <get name="pronoun"/> <get var="inf"/> <get var="prep"/> <get var="obj"/>?,train.aiml
0,I <SET>BE</SET> # <SET>NAME</SET> #,*,*,<think><set var="verb"><star/></set>#Newline<set var="star2"><star index="2"/></set>#Newline<set var="star4"><star index="4"/></set>#Newline<condition value="unknown" var="star2"><set var="star2"/></condition>#Newline<condition value="unknown" var="star4"><set var="star4"/></condition>#Newline</think>#NewlineYou <star/> <get var="star2"/> <star index="3"/>?#Newline<learn>#Newline<category>#Newline  <pattern>WHO DO I <eval><get var="verb"/></eval> #</pattern>#Newline  <template>#Newline  You <eval><star/> <get var="star2"/> <star index="3"/> <get var="star4"/></eval>.#Newline  </template>#Newline</category>#Newline</learn>,train.aiml
0,I LOVE # <SET>NAME</SET> #,*,*,<think>#Newline<set var="star1"><star index="1"/></set>#Newline<set var="star3"><star index="3"/></set>#Newline<condition value="unknown" var="star1"><set var="star1"/></condition>#Newline<condition value="unknown" var="star3"><set var="star3"/></condition>#Newline</think>#NewlineYou love <get var="star1"/> <star index="2"/>?#Newline<learn>#Newline<category>#Newline  <pattern>WHO DO I LOVE #</pattern>#Newline  <template>#Newline  You love <eval><get var="star1"/> <star index="2"/> <get var="star3"/></eval>.#Newline  </template>#Newline</category>#Newline</learn>,train.aiml
0,* HAS <SET>COLOR</SET> *,*,*,<think>#Newline<set var="subj"><star/></set>#Newline<set var="plural"><map><name>plural</name><get var="subj"/></map></set>#Newline<set var="color"><star index="2"/></set>#Newline<set var="color"><star index="2"/></set>#Newline<set var="obj"><star index="3"/></set>#Newline</think>#Newline<get var="color"/> is a nice color of <get var="obj"/>.#Newline<learn>#Newline<category>#Newline<pattern>WHAT COLOR IS <eval><get var="subj"/></eval> S #</pattern>#Newline<template><eval><get var="subj"/></eval> has <eval><get var="color"/>.</eval>#Newline</template>#Newline</category>#Newline<category>#Newline<pattern>WHAT COLOR IS <set>article</set> <eval><get var="subj"/></eval> S #</pattern>#Newline<template><eval><get var="subj"/></eval> has <eval><get var="color"/> <get var="obj"/>.</eval>#Newline</template>#Newline</category>#Newline<category>#Newline<pattern>WHAT COLOR ARE <eval><get var="plural"/></eval> S #</pattern>#Newline<template><eval><get var="subj"/></eval> has <eval><get var="color"/> <get var="obj"/>.</eval>#Newline</template>#Newline</category>#Newline<category>#Newline<pattern>WHAT DOES <eval><get var="subj"/></eval> LOOK #</pattern>#Newline<template><eval><get var="subj"/></eval> has <eval><get var="color"/> <get var="obj"/>.</eval>#Newline</template>#Newline</category>#Newline<category>#Newline<pattern>HOW DOES <eval><get var="subj"/></eval> APPEAR #</pattern>#Newline<template><eval><get var="subj"/></eval> is <eval><get var="color"/>.</eval>#Newline</template>#Newline</category>#Newline<category>#Newline<pattern>WHAT IS <eval><get var="color"/></eval> #</pattern>#Newline<template><eval><get var="subj"/></eval> has <eval><get var="color"/> <get var="obj"/>.</eval>#Newline</template>#Newline</category>#Newline</learn>,train.aiml
0,<SET>NAME</SET> HAS <SET>COLOR</SET> *,*,*,<think>#Newline<set var="subj"><star/></set>#Newline<set var="plural"><map><name>plural</name><get var="subj"/></map></set>#Newline<set var="color"><star index="2"/></set>#Newline<set var="color"><star index="2"/></set>#Newline<set var="obj"><star index="3"/></set>#Newline</think>#Newline<get var="color"/> is a nice color of <get var="obj"/>.#Newline<learn>#Newline<category>#Newline<pattern>WHO HAS <eval><get var="color"/></eval> #</pattern>#Newline<template><eval><get var="subj"/></eval> has <eval><get var="color"/> <get var="obj"/>.</eval>#Newline</template>#Newline</category>#Newline<category>#Newline<pattern>WHAT COLOR IS <eval><get var="subj"/></eval> S #</pattern>#Newline<template><eval><get var="subj"/></eval> has <eval><get var="color"/> <get var="obj"/>.</eval>#Newline</template>#Newline</category>#Newline<category>#Newline<pattern>WHAT COLOR IS <set>article</set> <eval><get var="subj"/></eval> S #</pattern>#Newline<template><eval><get var="subj"/></eval> has <eval><get var="color"/> <get var="obj"/>.</eval>#Newline</template>#Newline</category>#Newline<category>#Newline<pattern>WHAT COLOR <eval><get var="obj"/></eval> #</pattern>#Newline<template><eval><get var="subj"/></eval> has <eval><get var="color"/> <get var="obj"/>.</eval>#Newline</template>#Newline</category>#Newline<category>#Newline<pattern>WHAT COLOR ARE <eval><get var="subj"/></eval> S #</pattern>#Newline<template><eval><get var="subj"/></eval> has <eval><get var="color"/> <get var="obj"/>.</eval>#Newline</template>#Newline</category>#Newline<category>#Newline<pattern>WHAT DOES <eval><get var="subj"/></eval> LOOK #</pattern>#Newline<template><eval><get var="subj"/></eval> has <eval><get var="color"/> <get var="obj"/>.</eval>#Newline</template>#Newline</category>#Newline<category>#Newline<pattern>HOW DOES <eval><get var="subj"/></eval> APPEAR #</pattern>#Newline<template><eval><get var="subj"/></eval> is <eval><get var="color"/>.</eval>#Newline</template>#Newline</category>#Newline<category>#Newline<pattern>WHAT IS <eval><get var="color"/></eval> #</pattern>#Newline<template><eval><get var="subj"/></eval> has <eval><get var="color"/> <get var="obj"/>.</eval>#Newline</template>#Newline</category>#Newline</learn>,train.aiml
0,* IS <SET>COLOR</SET>,*,*,<think><set var="subj"><star/></set>#Newline<set var="plural"><map><name>plural</name><get var="subj"/></map></set>#Newline<set var="color"><star index="2"/></set></think>#Newline<get var="color"/> is a nice color of <star/>.#Newline<learn>#Newline<category>#Newline<pattern>WHAT COLOR IS <eval><get var="subj"/></eval> #</pattern>#Newline<template><eval><get var="subj"/></eval> is <eval><get var="color"/>.</eval>#Newline</template>#Newline</category>#Newline<category>#Newline<pattern>WHAT COLOR IS <set>article</set> <eval><get var="subj"/></eval> #</pattern>#Newline<template><eval><get var="subj"/></eval> is <eval><get var="color"/>.</eval>#Newline</template>#Newline</category>#Newline<category>#Newline<pattern>WHAT COLOR ARE <eval><get var="plural"/></eval> #</pattern>#Newline<template><eval><get var="subj"/></eval> is <eval><get var="color"/>.</eval>#Newline</template>#Newline</category>#Newline<category>#Newline<pattern>WHAT DOES <eval><get var="subj"/></eval> LOOK #</pattern>#Newline<template><eval><get var="subj"/></eval> is <eval><get var="color"/>.</eval>#Newline</template>#Newline</category>#Newline<category>#Newline<pattern>HOW DOES <eval><get var="subj"/></eval> APPEAR #</pattern>#Newline<template><eval><get var="subj"/></eval> is <eval><get var="color"/>.</eval>#Newline</template>#Newline</category>#Newline<category>#Newline<pattern>WHAT IS <eval><get var="color"/></eval> #</pattern>#Newline<template><eval><get var="subj"/></eval> is <eval><get var="color"/>.</eval>#Newline</template>#Newline</category>#Newline</learn>,train.aiml
0,* IS <SET>COLOR</SET> AND <SET>COLOR</SET>,*,*,<think><set var="subj"><star/></set>#Newline<set var="plural"><map><name>plural</name><get var="subj"/></map></set>#Newline<set var="color"><star index="2"/> and <star index="3"/></set></think>#Newline<get var="color"/> is a nice color of <star/>.#Newline<learn>#Newline<category>#Newline<pattern>WHAT COLOR IS <eval><get var="subj"/></eval> #</pattern>#Newline<template><eval><get var="subj"/></eval> is <eval><get var="color"/>.</eval>#Newline</template>#Newline</category>#Newline<category>#Newline<pattern>WHAT COLOR IS <set>article</set> <eval><get var="subj"/></eval> #</pattern>#Newline<template><eval><get var="subj"/></eval> is <eval><get var="color"/>.</eval>#Newline</template>#Newline</category>#Newline<category>#Newline<pattern>WHAT COLOR ARE <eval><get var="plural"/></eval> #</pattern>#Newline<template><eval><get var="subj"/></eval> is <eval><get var="color"/>.</eval>#Newline</template>#Newline</category>#Newline<category>#Newline<pattern>WHAT DOES <eval><get var="subj"/></eval> LOOK #</pattern>#Newline<template><eval><get var="subj"/></eval> is <eval><get var="color"/>.</eval>#Newline</template>#Newline</category>#Newline<category>#Newline<pattern>HOW DOES <eval><get var="subj"/></eval> APPEAR #</pattern>#Newline<template><eval><get var="subj"/></eval> is <eval><get var="color"/>.</eval>#Newline</template>#Newline</category>#Newline<category>#Newline<pattern>WHAT IS <eval><get var="color"/></eval> #</pattern>#Newline<template><eval><get var="subj"/></eval> is <eval><get var="color"/>.</eval>#Newline</template>#Newline</category>#Newline</learn>,train.aiml
0,<SET>NAME</SET> HAS *,*,*,<think>#Newline<set var="name"><star/></set>#Newline<set var="object"><person><star index="2"/></person></set>#Newline<srai>SETHESHE <get var="name"/></srai>#Newline</think>#Newline<random>#Newline<li>Does <get name="pronoun"/> like it?</li>#Newline<li>How long has she <get name="pronoun"/> had it?</li>#Newline<li>Is that a problem for <get var="name"/>?</li>#Newline</random>#Newline<learn>#Newline<category>#Newline<pattern>WHAT # DOES <eval><get var="name"/></eval> HAVE #</pattern>#Newline<template><eval><formal><get var="name"/></formal></eval> has <eval><get var="object"/></eval>.</template>#Newline</category>#Newline<category>#Newline<pattern>WHAT # DOES <eval><get name="pronoun"/></eval> HAVE #</pattern>#Newline<template><eval><formal><get var="name"/></formal></eval> has <eval><get var="object"/></eval>.</template>#Newline</category>#Newline<category>#Newline<pattern>WHO HAS <eval><get var="object"/></eval></pattern>#Newline<template><eval><formal><get var="name"/></formal></eval> has <eval><get var="object"/></eval>.</template>#Newline</category>#Newline<category>#Newline<pattern>WHAT HAS <eval><get var="object"/></eval></pattern>#Newline<template><eval><formal><get var="name"/></formal></eval> has <eval><get var="object"/></eval>.</template>#Newline</category>#Newline</learn>,train.aiml
0,<SET>NAME</SET> HAS <SET>BEEN</SET> *,*,*,<think>#Newline<set var="been"><star index="2"/></set>#Newline<set var="name"><star/></set>#Newline<set var="object"><person><star index="3"/></person></set>#Newline<set var="be"><map><name>been2be</name><get var="been"/></map></set>#Newline<set var="was"><map><name>be2was</name><get var="be"/></map></set>#Newline<set var="being"><map><name>be2being</name><get var="be"/></map></set>#Newline<srai>SETHESHE <get var="name"/></srai>#Newline</think>#Newline<random>#Newline<li>How long has <get name="pronoun"/> been <get var="being"/>?</li>#Newline<li>I had no idea that <get name="pronoun"/> <get var="was"/>.</li>#Newline<li><get var="name"/> <get var="was"/> <get var="object"/>?</li>#Newline</random>#Newline<learn>#Newline<category>#Newline<pattern>WHAT HAS <eval><get var="name"/></eval> *</pattern>#Newline<template><eval><get var="name"/> has <get var="been"/> <get var="object"/></eval>.</template>#Newline</category>#Newline<category>#Newline<pattern>WHAT HAS <eval><get name="pronoun"/></eval> *</pattern>#Newline<template><eval><get var="name"/> has <get var="been"/> <get var="object"/></eval>.</template>#Newline</category>#Newline<category>#Newline<pattern>WHO HAS <eval><get var="been"/></eval> *</pattern>#Newline<template><eval><get var="name"/> has <get var="been"/> <get var="object"/></eval>.</template>#Newline</category>#Newline<category>#Newline<pattern>WHO <eval><get var="was"/></eval> *</pattern>#Newline<template><eval><get var="name"/> has <get var="been"/> <get var="object"/></eval>.</template>#Newline</category>#Newline#Newline<category>#Newline<pattern>WHAT DID <eval><get var="name"/></eval> *</pattern>#Newline<template><eval><get var="name"/> has <get var="been"/> <get var="object"/></eval>.</template>#Newline</category>#Newline<category>#Newline<pattern>WHAT DID <eval><get name="pronoun"/></eval> *</pattern>#Newline<template><eval><get var="name"/> has <get var="been"/> <get var="object"/></eval>.</template>#Newline</category>#Newline</learn>,train.aiml
0,I <SET>WAS</SET> *,*,*,<think>#Newline<set var="verb"><star/></set>#Newline<set var="inf"><map><name>was2be</name><star/></map></set>#Newline<set var="ing"><map><name>be2being</name><get var="inf"/></map></set>#Newline<set var="object"><person><star index="2"/></person></set>#Newline</think>#Newline<random>#Newline<li>Have you been <get var="ing"/> <get var="object"/> long?</li>#Newline<li>Where did you <get var="inf"/> <get var="object"/>?</li>#Newline<li>What made you <get var="inf"/> <get var="object"/>?</li>#Newline<li>What were you trying to do?</li>#Newline<li>Really?</li>#Newline<li><think>#Newline<set name="istatement">I <get var="inf"/> <star index="2"/></set>#Newline<set name="ustatement"><person>I <star/> <star index="2"/></person></set>#Newline</think>Why?</li>#Newline</random>#Newline<learn>#Newline<category>#Newline<pattern>DID I <eval><get var="inf"/></eval> #</pattern>#Newline<template>You <eval><get var="verb"/> <get var="object"/></eval>.</template>#Newline</category>#Newline#Newline<category>#Newline<pattern>WHAT DID I <eval><get var="inf"/></eval></pattern>#Newline<template>You <eval><get var="verb"/> <get var="object"/></eval>.</template>#Newline</category>#Newline#Newline<category>#Newline<pattern>WHAT DID I DO #</pattern>#Newline<template>You <eval><get var="verb"/> <get var="object"/></eval>.</template>#Newline</category>#Newline#Newline<category>#Newline<pattern>WHO <eval><get var="verb"/></eval> #</pattern>#Newline<template>You <eval><get var="verb"/> <get var="object"/></eval>.</template>#Newline</category>#Newline#Newline</learn>,train.aiml
0,I WENT <SET>BEING</SET> #,*,*,<random>#Newline<li>Have you been <star/> long?</li>#Newline<li>Oh are you into <star/>?</li>#Newline<li>I've heard other people say they like <star/></li>#Newline</random>#Newline<think>#Newline<set var="verb"><star/></set>#Newline<set var="inf"><map><name>being2be</name><star/></map></set>#Newline<set var="past"><map><name>be2was</name><get var="inf"/></map></set>#Newline</think>#Newline<learn>#Newline<category>#Newline<pattern>WHAT DID I #</pattern>#Newline<template>You went <eval><get var="verb"/></eval>.</template>#Newline</category>#Newline<category>#Newline<pattern>WHAT DID I SAY I #</pattern>#Newline<template>You <eval><get var="past"/></eval>.</template>#Newline</category>#Newline#Newline<category>#Newline<pattern>WHO WENT <eval><get var="verb"/></eval> #</pattern>#Newline<template>You <eval><get var="past"/></eval>.</template>#Newline</category>#Newline#Newline<category>#Newline<pattern>WHO <eval><get var="past"/></eval> #</pattern>#Newline<template>You <eval><get var="past"/></eval>.</template>#Newline</category>#Newline#Newline<category>#Newline<pattern>DID I <eval><get var="inf"/></eval> #</pattern>#Newline<template>You <eval><get var="past"/></eval>.</template>#Newline</category>#Newline</learn>,train.aiml
0,I AM <SET>BEING</SET> *,*,*,<random>#Newline<li>Have you been <star/> long?</li>#Newline<li>Oh are you into <star/>?</li>#Newline<li>I've heard about other people <star/> it.</li>#Newline</random>#Newline<think>#Newline<set var="verb"><star/></set>#Newline<set var="object"><person><star index="2"/></person></set>#Newline<set name="it"><set name="topic"><get var="object"/></set></set>#Newline</think>#Newline<learn>#Newline<category>#Newline<pattern>WHAT AM I <eval><get var="verb"/> #</eval></pattern>#Newline<template>You are <eval><get var="verb"/> <get var="object"/></eval></template>#Newline</category>#Newline<category>#Newline<pattern>WHAT AM I DOING #</pattern>#Newline<template>You are <eval><get var="verb"/> <get var="object"/></eval></template>#Newline</category>#Newline<category>#Newline<pattern>WHAT DID I SAY I #</pattern>#Newline<template>You are <eval><get var="verb"/> <get var="object"/></eval></template>#Newline</category>#Newline<category>#Newline<pattern>WHAT # <eval><get var="object"/></eval></pattern>#Newline<template>You are <eval><get var="verb"/> <get var="object"/></eval></template>#Newline</category>#Newline<category>#Newline<pattern>AM I <eval><get var="verb"/> #</eval></pattern>#Newline<template>You are <eval><get var="verb"/> <get var="object"/></eval></template>#Newline</category>#Newline</learn>,train.aiml
0,I AM <SET>BEING</SET> <SET>PREPOSITION</SET> *,*,*,<think>#Newline<set var="verb"><star/></set>#Newline<set var="prep"><person><star index="2"/></person></set>#Newline<set var="object"><person><star index="3"/></person></set>#Newline<set name="it"><set name="topic"><get var="object"/></set></set>#Newline</think>#Newline<random>#Newline<li>What kind?</li>#Newline<li>Have you been <star/> long?</li>#Newline<li>Oh are you into <get var="object"/>?</li>#Newline<li>Are other people <get var="verb"/> <get var="prep"/> it?</li>#Newline</random>#Newline<learn>#Newline<category>#Newline<pattern>WHAT AM I <eval><get var="verb"/> <get var="prep"/> #</eval></pattern>#Newline<template>You are <eval><get var="verb"/> <get var="object"/></eval></template>#Newline</category>#Newline<category>#Newline<pattern>WHAT AM I DOING #</pattern>#Newline<template>You are <eval><get var="verb"/> <get var="object"/></eval></template>#Newline</category>#Newline<category>#Newline<pattern>WHAT DID I SAY I #</pattern>#Newline<template>You are <eval><get var="verb"/> <get var="object"/></eval></template>#Newline</category>#Newline<category>#Newline<pattern>WHAT # <eval><get var="object"/></eval></pattern>#Newline<template>You are <eval><get var="verb"/> <get var="object"/></eval></template>#Newline</category>#Newline<category>#Newline<pattern>AM I <eval><get var="verb"/> #</eval></pattern>#Newline<template>You are <eval><get var="verb"/> <get var="object"/></eval></template>#Newline</category>#Newline</learn>,train.aiml
0,<SET>NAME</SET> *,*,*,<srai>SETHESHE <star/></srai>#Newline<learn>#Newline<category>#Newline<pattern>WHAT DOES <eval><star/></eval> *</pattern>#Newline<template><eval><star/></eval> <eval><person><star index="2"/></person></eval></template>#Newline</category>#Newline<category>#Newline<pattern>WHAT DOES <eval><star/></eval> DO</pattern>#Newline<template><eval><star/></eval> <eval><person><star index="2"/></person></eval></template>#Newline</category>#Newline<category>#Newline<pattern>WHAT * DOES <eval><star/></eval> *</pattern>#Newline<template><eval><star/></eval> <eval><person><star index="2"/></person></eval></template>#Newline</category>#Newline</learn>#NewlineFor fun?,train.aiml
0,SETHESHE <SET>FAMILIARNAME</SET>,*,*,<think>#Newline<set name="pronoun"><map><name>familiarpronoun</name><star/></map></set>#Newline<set><name><get name="pronoun"/></name><star/></set>#Newline</think>,train.aiml
0,* MEANS *,*,*,<srai>EQUATE <star/> TO <star index="2"/></srai>,train.aiml
0,<SET>NAME</SET> MEANS *,*,*,<srai>EQUATE <star/> TO <star index="2"/></srai>,train.aiml
0,EQUATE * TO *,*,*,<think>#Newline<set name="equalto"><srai>IS <star/> EQUALTO <star index="2"/></srai></set>#Newline</think>#Newline<condition name="equalto">#Newline<li value="false">#NewlineOK#Comma when you say "<star/>"#Comma I will assume you mean "<star index="2"/>".#Newline<learn>#Newline<category>#Newline<pattern><eval><star/></eval></pattern>#Newline<template><srai><eval><star index="2"/></eval></srai></template>#Newline</category>#Newline<category>#Newline<pattern><eval><star/></eval> _</pattern>#Newline<template><srai><eval><star index="2"/></eval> <star/></srai></template>#Newline</category>#Newline<category>#Newline<pattern>_ <eval><star/></eval></pattern>#Newline<template><srai><star/> <eval><star index="2"/></eval></srai></template>#Newline</category>#Newline<category>#Newline<pattern>_ <eval><star/></eval> *</pattern>#Newline<template><srai><star/> <eval><star index="2"/></eval> <star index="2"/></srai></template>#Newline</category>#Newline</learn></li>#Newline<li><star/> is already the same as <star index="2"/>.</li>#Newline</condition>,train.aiml
0,* IS AN *,*,*,Ok#Comma I will remember <star/> is a <star index="2"/>.#Newline<think>#Newline<set name="isaname"><srai>ISANAME <star/></srai></set>#Newline<condition name="isaname">#Newline<li value="true"><set name="learnpattern">WHO IS AN</set></li>#Newline<li><set name="learnpattern">WHAT IS AN</set></li>#Newline</condition>#Newline</think>#Newline<learn>#Newline<category>#Newline<pattern>WHAT IS <eval><star/></eval></pattern>#Newline<template>An <eval><star index="2"/></eval>.</template>#Newline</category>#Newline<category>#Newline<pattern><eval><get name="learnpattern"/></eval> <eval><star index="2"/></eval></pattern>#Newline<template><eval><star/></eval>.</template>#Newline</category>#Newline<category>#Newline<pattern>IS <eval><star/></eval> AN <star index="2"/></pattern>#Newline<template>Yes.</template>#Newline</category>#Newline</learn>,train.aiml
0,A * IS NOT *,*,*,Ok#Comma I will remember a <star/> is not <star index="2"/>.#Newline<learn>#Newline<category>#Newline<pattern>WHAT IS A <eval><star/></eval></pattern>#Newline<template>Not <eval><star index="2"/></eval>.</template>#Newline</category>#Newline<category>#Newline<pattern>WHAT IS NOT <eval><star index="2"/></eval></pattern>#Newline<template><eval><star/></eval>.</template>#Newline</category>#Newline<category>#Newline<pattern>IS A <eval><star/></eval> <eval><star index="2"/></eval></pattern>#Newline<template>No.</template>#Newline</category>#Newline</learn>,train.aiml
0,* IS A *,*,*,Ok#Comma I will remember <star/> is a <star index="2"/>.#Newline<think>#Newline<set name="isaname"><srai>ISANAME <star/></srai></set>#Newline<condition name="isaname">#Newline<li value="true"><set name="learnpattern">WHO IS A</set></li>#Newline<li><set name="learnpattern">WHAT IS A</set></li>#Newline</condition>#Newline</think>#Newline<learn>#Newline<category>#Newline<pattern>WHAT IS <eval><star/></eval></pattern>#Newline<template>A <eval><star index="2"/></eval>.</template>#Newline</category>#Newline<category>#Newline<pattern><eval><get name="learnpattern"/></eval> <eval><star index="2"/></eval></pattern>#Newline<template><eval><star/></eval>.</template>#Newline</category>#Newline<category>#Newline<pattern>IS <eval><star/></eval> A <eval><star index="2"/></eval></pattern>#Newline<template>Yes.</template>#Newline</category>#Newline</learn>,train.aiml
0,* IS THE *,*,*,Ok#Comma I will remember <star/> is the <star index="2"/>.#Newline<think>#Newline<set name="isaname"><srai>ISANAME <star/></srai></set>#Newline<condition name="isaname">#Newline<li value="true"><set name="learnpattern">WHO IS THE</set></li>#Newline<li><set name="learnpattern">WHAT IS THE</set></li>#Newline</condition>#Newline</think>#Newline<learn>#Newline<category>#Newline<pattern>WHAT IS <eval><star/></eval></pattern>#Newline<template>The <eval><star index="2"/></eval>.</template>#Newline</category>#Newline<category>#Newline<pattern><eval><get name="learnpattern"/></eval> <eval><star index="2"/></eval></pattern>#Newline<template><eval><star/></eval>.</template>#Newline</category>#Newline<category>#Newline<pattern>IS <eval><star/></eval> THE <eval><star index="2"/></eval></pattern>#Newline<template>Yes.</template>#Newline</category>#Newline</learn>,train.aiml
0,<SET>ARTICLE</SET> * IS <SET>ARTICLE</SET> *,*,*,<think>#Newline<set var="a1"><star/></set>#Newline<set var="a2"><star index="3"/></set>#Newline<set var="thing1"><star index="2"/></set>#Newline<set var="thing2"><star index="4"/></set>#Newline</think>#NewlineOk#Comma I will remember <get var="a1"/> <get var="thing1"/> is <get var="a2"/> <get var="thing2"/>.#Newline<learn>#Newline<category>#Newline<pattern>WHAT IS <eval><get var="a1"/> <get var="thing1"/></eval></pattern>#Newline<template><eval><get var="a1"/> <get var="thing1"/></eval> is <eval><get var="a2"/> <get var="thing2"/>.</eval></template>#Newline</category>#Newline<category>#Newline<pattern>WHAT IS <eval><get var="a2"/> <get var="thing2"/></eval></pattern>#Newline<template><eval><get var="a1"/> <get var="thing1"/></eval> is <eval><get var="a2"/> <get var="thing2"/>.</eval></template>#Newline</category>#Newline<category>#Newline<pattern>IS <eval><get var="a1"/> <get var="thing1"/> <get var="a2"/> <get var="thing2"/></eval></pattern>#Newline<template>Yes.</template>#Newline</category>#Newline</learn>,train.aiml
0,<SET>ARTICLE</SET> * ARE <SET>ARTICLE</SET> *,*,*,<think>#Newline<set var="a1"><star/></set>#Newline<set var="a2"><star index="3"/></set>#Newline<set var="thing1"><star index="2"/></set>#Newline<set var="thing2"><star index="4"/></set>#Newline</think>#NewlineOk#Comma I will remember <get var="a1"/> <get var="thing1"/> are <get var="a2"/> <get var="thing2"/>.#Newline<learn>#Newline<category>#Newline<pattern>WHAT IS <eval><get var="a1"/> <get var="thing1"/></eval></pattern>#Newline<template><eval><get var="a1"/> <get var="thing1"/></eval> are <eval><get var="a2"/> <get var="thing2"/>.</eval></template>#Newline</category>#Newline<category>#Newline<pattern>WHAT IS <eval><get var="a2"/> <get var="thing2"/></eval></pattern>#Newline<template><eval><get var="a1"/> <get var="thing1"/></eval> are <eval><get var="a2"/> <get var="thing2"/>.</eval></template>#Newline</category>#Newline<category>#Newline<pattern>ARE <eval><get var="a1"/> <get var="thing1"/> <get var="a2"/> <get var="thing2"/></eval></pattern>#Newline<template>Yes.</template>#Newline</category>#Newline</learn>,train.aiml
0,<SET>ARTICLE</SET> * IS *,*,*,<think>#Newline<set var="a1"><star/></set>#Newline<set var="thing1"><star index="2"/></set>#Newline<set var="thing2"><star index="3"/></set>#Newline</think>#NewlineOk#Comma I will remember <get var="a1"/> <get var="thing1"/> is <get var="thing2"/>.#Newline<learn>#Newline<category>#Newline<pattern>WHAT IS <eval><get var="a1"/> <get var="thing1"/></eval></pattern>#Newline<template><eval><get var="a1"/> <get var="thing1"/></eval> is <eval><get var="thing2"/>.</eval></template>#Newline</category>#Newline<category>#Newline<pattern>WHAT IS <eval><get var="thing2"/></eval></pattern>#Newline<template><eval><get var="a1"/> <get var="thing1"/></eval> is <eval><get var="thing2"/>.</eval></template>#Newline</category>#Newline<category>#Newline<pattern>IS <eval><get var="a1"/> <get var="thing1"/> <get var="thing2"/></eval></pattern>#Newline<template>Yes.</template>#Newline</category>#Newline</learn>,train.aiml
0,<SET>ARTICLE</SET> * ARE *,*,*,<think>#Newline<set var="a1"><star/></set>#Newline<set var="thing1"><star index="2"/></set>#Newline<set var="thing2"><star index="3"/></set>#Newline</think>#NewlineOk#Comma I will remember <get var="a1"/> <get var="thing1"/> are <get var="thing2"/>.#Newline<learn>#Newline<category>#Newline<pattern>WHAT IS <eval><get var="a1"/> <get var="thing1"/></eval></pattern>#Newline<template><eval><get var="a1"/> <get var="thing1"/></eval> are <eval><get var="thing2"/>.</eval></template>#Newline</category>#Newline<category>#Newline<pattern>WHAT IS <eval><get var="thing2"/></eval></pattern>#Newline<template><eval><get var="a1"/> <get var="thing1"/></eval> are <eval><get var="thing2"/>.</eval></template>#Newline</category>#Newline<category>#Newline<pattern>ARE <eval><get var="a1"/> <get var="thing1"/> <get var="thing2"/></eval></pattern>#Newline<template>Yes.</template>#Newline</category>#Newline</learn>,train.aiml
0,THE * IS NOT *,*,*,Ok#Comma I will remember the <star/> is not <star index="2"/>.#Newline<learn>#Newline<category>#Newline<pattern>WHAT IS THE <eval><star/></eval></pattern>#Newline<template>Not <eval><star index="2"/></eval>.</template>#Newline</category>#Newline<category>#Newline<pattern>WHAT IS NOT <eval><star index="2"/></eval></pattern>#Newline<template>The <eval><star/></eval>.</template>#Newline</category>#Newline<category>#Newline<pattern>IS THE <eval><star/></eval> <eval><star index="2"/></eval></pattern>#Newline<template>No.</template>#Newline</category>#Newline#Newline</learn>,train.aiml
0,* IS NOT *,*,*,Ok#Comma I will remember <star/> is not <star index="2"/>.#Newline<think>#Newline<set name="isaname"><srai>ISANAME <star/></srai></set>#Newline<condition name="isaname">#Newline<li value="true"><set name="learnpattern">WHO IS NOT</set></li>#Newline<li><set name="learnpattern">WHAT IS NOT</set></li>#Newline</condition>#Newline</think>#Newline<learn>#Newline<category>#Newline<pattern>WHAT IS <eval><star/></eval></pattern>#Newline<template><eval><star index="2"/></eval>.</template>#Newline</category>#Newline<category>#Newline<pattern><eval><get name="learnpattern"/></eval> <eval><star index="2"/></eval></pattern>#Newline<template><eval><star/></eval>.</template>#Newline</category>#Newline<category>#Newline<pattern>IS <eval><star/></eval> <eval><star index="2"/></eval></pattern>#Newline<template>No.</template>#Newline</category>#Newline</learn>,train.aiml
0,*,WHAT SHOULD I SAY INSTEAD,*,<srai>LEARN NEW RESPONSE <star/></srai>,train.aiml
0,YOU _,WHAT SHOULD I SAY INSTEAD,*,<srai>LEARN NEW RESPONSE You <star/></srai>,train.aiml
0,A _,WHAT SHOULD I SAY INSTEAD,*,<srai>LEARN NEW RESPONSE A <star/></srai>,train.aiml
0,I _,WHAT SHOULD I SAY INSTEAD,*,<srai>LEARN NEW RESPONSE I <star/></srai>,train.aiml
0,HE _,WHAT SHOULD I SAY INSTEAD,*,<srai>LEARN NEW RESPONSE He <star/></srai>,train.aiml
0,AN _,WHAT SHOULD I SAY INSTEAD,*,<srai>LEARN NEW RESPONSE An <star/></srai>,train.aiml
0,THAT _,WHAT SHOULD I SAY INSTEAD,*,<srai>LEARN NEW RESPONSE That <star/></srai>,train.aiml
0,MY * S NAME IS *,*,*,<think><set name="isfamiliarname"><srai>ISAFAMILIARNAME <star/></srai></set>#Newline<set name="familiarpredicate"><srai>FAMILIARPREDICATE <star/></srai></set>#Newline</think>#Newline<condition name="isfamiliarname">#Newline<li value="true">#Newline<think><set name="contactname"><star index="2"/></set></think>#Newline<srai>REMEMBERFAMILIARNAME</srai>#Newline</li>#Newline<li>I will remember your <star/>'s name is <star index="2"/>.#Newline<learn>#Newline<category>#Newline<pattern>MY <eval><star/></eval> S NAME</pattern>#Newline<template><eval><star index="2"/></eval></template>#Newline</category>#Newline</learn>#Newline</li>#Newline</condition>,train.aiml
0,MY * S AGE IS *,*,*,I will remember your <star/>'s age.#Newline<learn>#Newline<category>#Newline<pattern>MY <eval><star/></eval> S AGE</pattern>#Newline<template><eval><star index="2"/></eval></template>#Newline</category>#Newline</learn>,train.aiml
0,MY * IS *,*,*,<think><set name="isaname"><srai>ISANAME <star index="2"/></srai></set>#Newline<set name="isanumber"><srai>ISANUMBER <star index="2"/></srai></set>#Newline<set name="isafamiliarname"><srai>ISAFAMILIARNAME <star/></srai></set>#Newline</think>#Newline<condition name="isaname">#Newline<li value="true"><srai>MY <star/> S NAME IS <star index="2"/></srai></li>#Newline<li>#Newline  <condition name="isanumber">#Newline  <li value="true"><srai>MY <star/> S AGE IS <star index="2"/></srai></li>#Newline  <li><condition name="isafamiliarname">#Newline   <li value="true">#Newline   <random>#Newline     <li>OK#Comma now you can ask me "What is my <star/>?" </li>#Newline     <li>OK#Comma now you can ask me "Who is <star index="2"/>?" </li>#Newline     <li>Your <star/> is?</li>#Newline     <li>Good to know.</li>#Newline   </random>#Newline   <learn>#Newline   <category>#Newline   <pattern>WHAT IS MY <eval><star/></eval></pattern>#Newline   <template><eval><star index="2"/></eval></template>#Newline   </category>#Newline   <category>#Newline   <pattern>WHO IS <eval><star index="2"/></eval></pattern>#Newline   <template>Your <eval><star/></eval></template>#Newline   </category>#Newline   </learn>#Newline   </li>#Newline   <li>#Newline   <random>#Newline     <li>OK#Comma now you can ask me "What is my <star/>?" </li>#Newline     <li>OK#Comma now you can ask me "What is <star index="2"/>?" </li>#Newline     <li>Your <star/> is?</li>#Newline     <li>Good to know.</li>#Newline     <li>Where did you get your <star/>?</li>#Newline   </random>#Newline   <learn>#Newline   <category>#Newline   <pattern>WHAT IS MY <eval><star/></eval></pattern>#Newline   <template><eval><star index="2"/></eval></template>#Newline   </category>#Newline   <category>#Newline   <pattern>WHAT IS <eval><star index="2"/></eval></pattern>#Newline   <template>Your <eval><star/></eval></template>#Newline   </category>#Newline   </learn>#Newline  </li>#Newline  </condition>#Newline  </li>#Newline  </condition>#Newline</li>#Newline</condition>,train.aiml
0,MY FAVORITE * IS *,*,*,<random>#Newline<li>OK#Comma now you can ask me "What is my favorite <star/>?" </li>#Newline<li>Do you think I would like <star index="2"/> too?</li>#Newline<li>Good to know.</li>#Newline<li>What do you like best about <star index="2"/>?</li>#Newline</random>#Newline<learn>#Newline<category>#Newline<pattern>WHAT IS MY FAVORITE <eval><star/></eval></pattern>#Newline<template><eval><star index="2"/></eval></template>#Newline</category>#Newline</learn>,train.aiml
0,MY _,WHAT SHOULD I SAY INSTEAD,*,<srai>LEARN NEW RESPONSE My <star/></srai>,train.aiml
0,LEARN NEW RESPONSE *,*,*,OK.  Now whenever you say "<get name="newpattern"/>"#Comma I will respond with #Newline"<star/>".#Newline<learn>#Newline<category>#Newline<pattern><eval><normalize><get name="newpattern"/></normalize></eval></pattern>#Newline<template><eval><star/></eval>.</template>#Newline</category>#Newline</learn>,train.aiml
0,LEARN * IS *,*,*,Ok#Comma I will remember <star/> is <star index="2"/>.#Newline<learn>#Newline<category>#Newline<pattern>WHAT IS <eval><star/></eval></pattern>#Newline<template><eval><star index="2"/></eval>.</template>#Newline</category>#Newline</learn>,train.aiml
0,IT _,WHAT SHOULD I SAY INSTEAD,*,<srai>LEARN NEW RESPONSE It <star/></srai>,train.aiml
0,BAD ANSWER,*,*,<think><set name="newpattern"><input index="2"/></set></think>#NewlineOK.  You said "<input index="2"/>" and I replied "<response/>".#NewlineWhat should I say instead?,train.aiml
0,SHE _,WHAT SHOULD I SAY INSTEAD,*,<srai>LEARN NEW RESPONSE She <star/></srai>,train.aiml
0,SAY _,WHAT SHOULD I SAY INSTEAD,*,<srai>LEARN NEW RESPONSE <star/></srai>,train.aiml
0,WE _,WHAT SHOULD I SAY INSTEAD,*,<srai>LEARN NEW RESPONSE We <star/></srai>,train.aiml
0,THE _,WHAT SHOULD I SAY INSTEAD,*,<srai>LEARN NEW RESPONSE The <star/></srai>,train.aiml
0,THEY _,WHAT SHOULD I SAY INSTEAD,*,<srai>LEARN NEW RESPONSE They <star/></srai>,train.aiml
0,NEVERMIND,WHAT SHOULD I SAY INSTEAD,*,Ok. We'll come back to that later.,train.aiml
0,QUESTIONWORD <SET>NAME</SET> #,*,*,Who,train.aiml
0,QUESTIONWORD *,*,*,What,train.aiml
0,QUESTIONWORD SOMEONE #,*,*,Who,train.aiml
0,QUESTIONWORD SOMEBODY #,*,*,Who,train.aiml
0,MY <SET>FAMILIARNAME</SET> <SET>IS</SET> *,*,*,<srai><star/> <star index="2"/> <star index="3"/></srai>,train.aiml
0,<SET>FAMILIARNAME</SET> <SET>IS</SET> *,*,*,<think>#Newline<set name="learnpattern">Who <star index="2"/> <person><star index="3"/></person></set>?  #Newline<set name="learntemplate">Your <star/></set>.#Newline<learn>#Newline<category>#Newline<pattern><eval><get name="learnpattern"/></eval></pattern>#Newline<template><eval><get name="learntemplate"/></eval></template>#Newline</category>#Newline</learn>#Newline</think>#NewlineNow you can ask me: "<get name="learnpattern"/>"?#Newline<think>#Newline<set name="learnpattern">What does my <star/> <map name="is2be"><star index="2"/></map></set>? #Newline<set name="learntemplate"><person><star index="3"/></person></set>.#Newline<learn>#Newline<category>#Newline<pattern><eval><get name="learnpattern"/></eval></pattern>#Newline<template><eval><get name="learntemplate"/></eval></template>#Newline</category>#Newline</learn>#Newline</think>#Newlineand "<get name="learnpattern"/>"?,train.aiml
0,* <SET>IS</SET> *,*,*,<think>#Newline<set name="learnpattern"><srai>QUESTIONWORD <star/></srai> <star index="2"/> <person><star index="3"/></person></set>?  #Newline<set name="learntemplate"><star/></set>.#Newline<learn>#Newline<category>#Newline<pattern><eval><get name="learnpattern"/></eval></pattern>#Newline<template><eval><get name="learntemplate"/></eval></template>#Newline</category>#Newline</learn>#Newline</think>#NewlineNow you can ask me: "<get name="learnpattern"/>"?#Newline<think>#Newline<set name="learnpattern">What does <star/> <map name="is2be"><star index="2"/></map></set>? #Newline<set name="learntemplate"><person><star index="3"/></person></set>.#Newline<learn>#Newline<category>#Newline<pattern><eval><get name="learnpattern"/></eval></pattern>#Newline<template><eval><get name="learntemplate"/></eval></template>#Newline</category>#Newline</learn>#Newline</think>#Newlineand "<get name="learnpattern"/>"?,train.aiml
0,* <SET>WAS</SET> *,*,*,<think>#Newline<set var="questionword"><srai>QUESTIONWORD <star/></srai></set>#Newline<set var="was"><star index="2"/></set>#Newline<set var="be"><map><name>was2be</name><get var="was"/></map></set>#Newline<set var="object"><person><star index="3"/></person></set>#Newline</think>#Newline<random>#Newline<li>When was this?</li>#Newline<li>Are you kidding me?</li>#Newline<li>What happened?</li>#Newline<li>I can't believe <star/> would <get var="be"/> <get var="object"/>.</li>#Newline</random>#Newline<learn>#Newline<category>#Newline<pattern><eval><get var="questionword"/> <get var="was"/></eval> #</pattern>#Newline<template><eval><star/> <get var="was"/> <get var="object"/></eval>.</template>#Newline</category>#Newline#Newline<category>#Newline<pattern>WHAT DID <eval><star/> <get var="be"/></eval> #</pattern>#Newline<template><eval><star/> <get var="was"/> <get var="object"/></eval>.</template>#Newline</category>#Newline#Newline<category>#Newline<pattern>WHAT DID <eval><star/></eval> DO #</pattern>#Newline<template><eval><star/> <get var="was"/> <get var="object"/></eval>.</template>#Newline</category>#Newline#Newline#Newline<category>#Newline<pattern>WHAT HAPPENED #</pattern>#Newline<template><eval><star/> <get var="was"/> <get var="object"/></eval>.</template>#Newline</category>#Newline#Newline#Newline</learn>,train.aiml
0,MY <SET>FAMILIARNAME</SET> * LIKES TO <SET>BE</SET> *,*,*,<think>#Newline<set var="familiarname"><star/></set>#Newline<set var="name"><star index="2"/></set>#Newline<set var="verb"><star index="3"/></set>#Newline<set var="obj"><star index="4"/></set>#Newline<set var="is"><map><name>be2is</name><get var="verb"/></map></set>#Newline<set var="ing"><map><name>be2being</name><get var="verb"/></map></set>#Newline<set><name><srai>FAMILIARPREDICATE <get var="familiarname"/></srai></name><get var="name"/></set>#Newline<srai>SETHESHE <get var="name"/></srai>#Newline<set var="response"><formal><get name="pronoun"/></formal> likes <get var="ing"/> <get var="obj"/></set>#Newline</think>#Newline<learn>#Newline<category><pattern>MY <eval><get var="familiarname"/></eval></pattern>#Newline<template><eval><get var="name"/></eval></template>#Newline</category>#Newline#Newline#Newline<category>#Newline<pattern>WHO <eval><get var="is"/> <get var="obj"/> #</eval></pattern>#Newline<template><formal><eval><get var="name"/></eval></formal>.</template>#Newline</category>#Newline#Newline#Newline<category>#Newline<pattern>WHO LIKES TO <eval><get var="verb"/> <get var="obj"/> #</eval></pattern>#Newline<template><formal><eval><get var="name"/></eval></formal>.</template>#Newline</category>#Newline#Newline#Newline<category>#Newline<pattern>WHAT # DOES MY <eval><get var="familiarname"/> <get var="verb"/> #</eval></pattern>#Newline<template><eval><get var="response"/></eval>.</template>#Newline</category>#Newline#Newline<category>#Newline<pattern>WHAT # DOES MY <eval><get var="familiarname"/></eval> DO #</pattern>#Newline<template><eval><get var="response"/></eval>.</template>#Newline</category>#Newline#Newline<category>#Newline<pattern>WHAT # DOES MY <eval><get var="familiarname"/></eval> LIKE #</pattern>#Newline<template><eval><get var="response"/></eval></template>#Newline</category>#Newline#Newline#Newline<category>#Newline<pattern>WHAT # DOES <eval><get var="name"/></eval> <eval><get var="verb"/></eval> #</pattern>#Newline<template><eval><get var="response"/></eval>.</template>#Newline</category>#Newline#Newline<category>#Newline<pattern>WHAT # DOES <eval><get var="name"/></eval> DO #</pattern>#Newline<template><eval><get var="response"/></eval>.</template>#Newline</category>#Newline#Newline<category>#Newline<pattern>WHAT # DOES <eval><get var="name"/></eval> LIKE #</pattern>#Newline<template><eval><get var="response"/></eval>.</template>#Newline</category>#Newline#Newline<category>#Newline<pattern>WHAT # DOES <eval><get name="pronoun"/></eval> <eval><get var="verb"/></eval> #</pattern>#Newline<template><eval><get var="response"/></eval>.</template>#Newline</category>#Newline#Newline<category>#Newline<pattern>WHAT # DOES <eval><get name="pronoun"/></eval> DO #</pattern>#Newline<template><eval><get var="response"/></eval>.</template>#Newline</category>#Newline#Newline<category>#Newline<pattern>WHAT # DOES <eval><get name="pronoun"/></eval> LIKE #</pattern>#Newline<template><eval><get var="response"/></eval>.</template>#Newline</category>#Newline#Newline#Newline</learn>#NewlineIs <get name="pronoun"/> any good at <set name="it"><get var="ing"/> <get var="ing"/> <get var="obj"/></set>?,train.aiml
0,MY <SET>FAMILIARNAME</SET> * LIKES TO * <SET>PREPOSITION</SET> *,*,*,<think>#Newline<set var="familiarname"><star/></set>#Newline<set var="name"><star index="2"/></set>#Newline<set var="verb"><star index="3"/></set>#Newline<set var="prep"><star index="4"/></set>#Newline<set var="obj"><star index="5"/></set>#Newline<srai>SETHESHE <get var="name"/></srai>#Newline<set var="response"><get name="pronoun"/> likes to <get var="verb"/> <get var="prep"/> <get var="obj"/></set>#Newline<set><name><srai>FAMILIARPREDICATE <get var="familiarname"/></srai></name><get var="name"/></set>#Newline</think>#Newline<learn>#Newline<category><pattern>MY <eval><get var="familiarname"/></eval></pattern>#Newline<template><eval><get var="name"/></eval></template>#Newline</category>#Newline#Newline<category>#Newline<pattern>WHAT # DOES MY <eval><get var="familiarname"/></eval> DO #</pattern>#Newline<template><eval><get var="response"/></eval>.</template>#Newline</category>#Newline#Newline<category>#Newline<pattern>WHAT # DOES MY <eval><get var="familiarname"/></eval> LIKE #</pattern>#Newline<template><eval><get var="response"/></eval></template>#Newline</category>#Newline#Newline<category>#Newline<pattern>WHAT # DOES <eval><get var="name"/></eval> DO #</pattern>#Newline<template><eval><get var="response"/></eval>.</template>#Newline</category>#Newline#Newline<category>#Newline<pattern>WHAT # DOES <eval><get var="name"/></eval> LIKE #</pattern>#Newline<template><eval><get var="response"/></eval>.</template>#Newline</category>#Newline#Newline<category>#Newline<pattern>WHAT * DOES <eval><get var="name"/></eval> LIKE *</pattern>#Newline<template><eval><get var="response"/></eval>.</template>#Newline</category>#Newline#Newline<category>#Newline<pattern>WHAT # DOES <eval><get name="pronoun"/></eval> DO #</pattern>#Newline<template><eval><get var="response"/></eval>.</template>#Newline</category>#Newline#Newline<category>#Newline<pattern>WHAT # DOES <eval><get name="pronoun"/></eval> LIKE #</pattern>#Newline<template><eval><get var="response"/></eval>.</template>#Newline</category>#Newline#Newline<category>#Newline<pattern>WHAT * DOES <eval><get name="pronoun"/></eval> LIKE *</pattern>#Newline<template><eval><get var="response"/></eval>.</template>#Newline</category>#Newline#Newline</learn>#NewlineIs <get name="pronoun"/> any good at <set name="it"><get var="verb"/> <get var="prep"/> <get var="obj"/></set>?,train.aiml
0,<SET>NAME</SET> <SET>IS</SET> *,*,*,<think>#Newline<set var="name"><star/></set>#Newline<set var="verb"><star index="2"/></set>#Newline<set var="obj"><star index="3"/></set>#Newline<set var="be"><map><name>is2be</name><get var="verb"/></map></set>#Newline<srai>SETHESHE <get var="name"/></srai>#Newline<set var="response"><formal><get name="pronoun"/></formal> <get var="verb"/> <get var="obj"/></set>#Newline</think>#Newline<learn>#Newline<category>#Newline<pattern>WHO <eval><get var="verb"/> <get var="obj"/></eval> #</pattern>#Newline<template><eval><get var="name"/></eval>.</template>#Newline</category>#Newline<category>#Newline<pattern>WHAT DOES <eval><get var="name"/> <get var="be"/></eval> #</pattern>#Newline<template><eval><get var="response"/></eval>.</template>#Newline</category>#Newline<category>#Newline<pattern>WHAT DOES <eval><get var="name"/> DO #</eval> </pattern>#Newline<template><eval><get var="response"/></eval>.</template>#Newline</category>#Newline<category>#Newline<pattern>WHAT DOES <eval><get name="pronoun"/> <get var="be"/></eval> #</pattern>#Newline<template><eval><get var="response"/></eval>.</template>#Newline</category>#Newline<category>#Newline<pattern>WHAT DOES <eval><get name="pronoun"/> DO</eval> #</pattern>#Newline<template><eval><get var="response"/></eval>.</template>#Newline</category>#Newline<category>#Newline<pattern>DOES <eval><get name="pronoun"/> <get var="be"/> <get var="obj"/></eval> #</pattern>#Newline<template>Yes.  <eval><get var="response"/></eval>.</template>#Newline</category>#Newline<category>#Newline<pattern>DOES <eval><get var="name"/> <get var="be"/> <get var="obj"/></eval> #</pattern>#Newline<template>Yes.  <eval><get var="response"/></eval>.</template>#Newline</category>#Newline#Newline<category>#Newline<pattern>DOES <eval><get name="pronoun"/></eval> *</pattern>#Newline<template>I don't know if <eval>get var="name"/&gt;</eval> <star/>.  I know <eval><get var="response"/></eval>.</template>#Newline</category>#Newline<category>#Newline<pattern>DOES <eval><get var="name"/></eval> *</pattern>#Newline<template>I don't know if <eval><get var="name"/></eval> <star/>.  I know <eval><get var="response"/></eval>.</template>#Newline</category>#Newline#Newline</learn>#NewlineWhy does <get name="pronoun"/> <get var="be"/> <set name="it"><get var="obj"/></set>?,train.aiml
0,<SET>NAME</SET> <SET>WAS</SET> *,*,*,<think>#Newline<set var="name"><star/></set>#Newline<set var="verb"><star index="2"/></set>#Newline<set var="be"><map><name>was2be</name><get var="verb"/></map></set>#Newline<set var="obj"><star index="3"/></set>#Newline<srai>SETHESHE <get var="name"/></srai>#Newline<set var="response"><formal><get name="pronoun"/></formal> <get var="verb"/> <get var="obj"/></set>#Newline</think>#Newline<learn>#Newline#Newline<category>#Newline<pattern>WHO <eval><get var="verb"/> <get var="obj"/></eval> #</pattern>#Newline<template><eval><get var="name"/></eval>.</template>#Newline</category>#Newline<category>#Newline<pattern>WHO <eval><get var="verb"/></eval> #</pattern>#Newline<template><eval><get var="name"/></eval>.</template>#Newline</category>#Newline<category>#Newline<pattern>WHAT DID <eval><get var="name"/> <get var="be"/></eval> #</pattern>#Newline<template><eval><get var="response"/></eval>.</template>#Newline</category>#Newline<category>#Newline<pattern>WHAT DID <eval><get var="name"/></eval> DO #</pattern>#Newline<template><eval><get var="response"/></eval>.</template>#Newline</category>#Newline<category>#Newline<pattern>WHAT DID <eval><get name="pronoun"/> <get var="be"/></eval> #</pattern>#Newline<template><eval><get var="response"/></eval>.</template>#Newline</category>#Newline<category>#Newline<pattern>WHAT DID <eval><get name="pronoun"/></eval> DO #</pattern>#Newline<template><eval><get var="response"/></eval>.</template>#Newline</category>#Newline#Newline</learn>#NewlineCan you tell me why <get name="pronoun"/> <get var="verb"/> <set name="it"><get var="obj"/></set>?,train.aiml
0,MY <SET>FAMILIARNAME</SET> * <SET>IS</SET> *,*,*,<think>#Newline<set var="familiarname"><star/></set>#Newline<set var="name"><formal><star index="2"/></formal></set>#Newline<set var="verb"><star index="3"/></set>#Newline<set var="object"><star index="4"/></set>#Newline<set var="be"><map><name>is2be</name><get var="verb"/></map></set>#Newline<srai>SETHESHE <get var="name"/></srai>#Newline<set var="response">#Newline<sentence><get name="pronoun"/> <get var="verb"/> <get var="object"/></sentence></set>#Newline<srai>MY <get var="familiarname"/> S NAME IS <get var="name"/></srai>#Newline</think>#NewlineDoes <get name="pronoun"/> really?#Newline<learn>#Newline<category><pattern>WHAT DOES MY <eval><get var="familiarname"/></eval> DO #</pattern>#Newline<template><eval><get var="response"/></eval></template>#Newline</category>#Newline#Newline<category><pattern>WHAT DOES <eval><get var="name"/></eval> DO #</pattern>#Newline<template><eval><get var="response"/></eval></template>#Newline</category>#Newline#Newline<category><pattern>WHAT DOES <eval><get name="pronoun"/></eval> DO #</pattern>#Newline<template><eval><get var="response"/></eval></template>#Newline</category>#Newline#Newline<category><pattern>DOES MY <eval><get var="familiarname"/></eval> <eval><get var="be"/></eval> #</pattern>#Newline<template><eval><get var="response"/></eval></template>#Newline</category>#Newline#Newline<category><pattern>DOES <eval><get var="name"/></eval> <eval><get var="be"/></eval> #</pattern>#Newline<template><eval><get var="response"/></eval></template>#Newline</category>#Newline#Newline<category><pattern>WHO <eval><get var="verb"/></eval> #</pattern>#Newline<template>Your <eval><get var="familiarname"/> <get var="name"/></eval>.</template>#Newline</category>#Newline</learn>,train.aiml
